PDB_ID	PDB_map	Chain_ID	Binding_site_residues
1320_1534_7	1320_1534	A	U_6_A,A_184_A,C_185_A,C_186_A
9397_9512_13	9397_9512	A	G_21_A,U_22_A,C_96_A,U_97_A
4558_4671_2	4558_4671	A	G_70_A,C_83_A,G_84_A,U_85_A
1277_1293_3	1277_1293	A	A_2_A,U_3_A,A_4_A,RA3_17_A
5444_5499_1	5444_5499	A	G_22_A,G_23_A,A_24_A,C_45_A,G_46_A
9223_9311_1	9223_9311	A	RC5_1_A,C_37_A,U_38_A
3293_3362_6	3293_3362	A	A_13_A,G_14_A,A_15_A
6518_6635_5	6518_6635	A	U_32_A,G_33_A,U_34_A,U_78_A,G_79_A,U_80_A
5444_5499_2	5444_5499	A	RC5_1_A,G_8_A,A_9_A,G_10_A,RC3_56_A
3716_3799_7	3716_3799	A	A_39_A,U_40_A,G_65_A,A_66_A,U_67_A,A_68_A,RU3_84_A
2287_2362_6	2287_2362	A	U_11_A,G_12_A,A_13_A,A_65_A,C_66_A
4873_4968_4	4873_4968	A	U_30_A,A_31_A,G_33_A,A_70_A,G_71_A
592_663_4	592_663	A	C_5_A,U_6_A,A_7_A,C_68_A,U_69_A
5297_5411_1	5297_5411	A	A_14_A,C_15_A,U_33_A,U_34_A
5444_5499_4	5444_5499	A	A_15_A,C_45_A,G_46_A,U_47_A,A_48_A
3293_3362_3	3293_3362	A	C_24_A,G_25_A,A_38_A,U_39_A,C_40_A
2287_2362_5	2287_2362	A	G_25_A,G_26_A,G_50_A,C_51_A,U_52_A
9397_9512_1	9397_9512	A	RG5_1_A,G_2_A,C_3_A,C_13_A,U_15_A
592_663_3	592_663	A	C_11_A,A_12_A,A_13_A,U_14_A,G_15_A,A_16_A,G_17_A,U_57_A,C_58_A,U_59_A,C_60_A
1277_1293_2	1277_1293	A	A_4_A,A_5_A,C_16_A,RA3_17_A
1320_1534_7	1320_1534	A	U_6_A,A_184_A,C_185_A,C_186_A
5444_5499_3	5444_5499	A	G_23_A,A_24_A,A_25_A,G_26_A,A_27_A,G_28_A,U_29_A,C_38_A,A_39_A,C_40_A,U_41_A,U_42_A,A_43_A
762_816_2	762_816	A	G_2_A,C_3_A,G_4_A,C_5_A,C_6_A,G_14_A,A_15_A,G_16_A,G_17_A,C_18_A
